{"cameraMode":{"drawMode":0,"name":"Shaded","section":"Shading Mode"},"sceneLighting":false,"audioPlay":false,"sceneViewState":{"showFog":true,"showMaterialUpdate":true,"showSkybox":true,"showFlares":true,"showImageEffects":true,"showParticleSystems":true},"in2DMode":false,"pivot":{"x":0.0,"y":1.4147826433181763,"z":0.7999999523162842},"rotation":{"x":0.18458959460258485,"y":0.2983427941799164,"z":-0.05892563611268997,"w":0.9345834255218506},"size":10.947200775146485,"orthographic":false}