{"cameraMode":{"drawMode":0,"name":"Shaded","section":"Shading Mode"},"sceneLighting":false,"audioPlay":false,"sceneViewState":{"showFog":true,"showMaterialUpdate":true,"showSkybox":true,"showFlares":true,"showImageEffects":true,"showParticleSystems":true},"in2DMode":false,"pivot":{"x":-7.430849075317383,"y":-2.3698184490203859,"z":70.4222640991211},"rotation":{"x":0.10290592163801193,"y":-0.8388785123825073,"z":0.1703968346118927,"w":0.5066145062446594},"size":24.467424392700197,"orthographic":false}