{"cameraMode":{"drawMode":0,"name":"Shaded","section":"Shading Mode"},"sceneLighting":true,"audioPlay":false,"sceneViewState":{"showFog":true,"showMaterialUpdate":false,"showSkybox":true,"showFlares":true,"showImageEffects":true,"showParticleSystems":true},"in2DMode":false,"pivot":{"x":88.0616683959961,"y":-13.134139060974121,"z":1.1956685781478882},"rotation":{"x":-0.20136277377605439,"y":0.7858822345733643,"z":-0.3260853588581085,"w":-0.4852944016456604},"size":196.5172882080078,"orthographic":false}