{"cameraMode":{"drawMode":0,"name":"Shaded","section":"Shading Mode"},"sceneLighting":false,"audioPlay":false,"sceneViewState":{"showFog":true,"showMaterialUpdate":true,"showSkybox":true,"showFlares":true,"showImageEffects":true,"showParticleSystems":true},"in2DMode":false,"pivot":{"x":252.126953125,"y":22.016357421875,"z":-37.375},"rotation":{"x":-0.0033072936348617079,"y":-0.04139091074466705,"z":0.0001368017983622849,"w":-0.9991376399993897},"size":362.5467834472656,"orthographic":true}